{
  "model_name": "attention_unet",
  "n_trials_run": 5,
  "best_trial_number": 4,
  "best_val_dice": 0.9895843755115162,
  "best_val_iou": 0.9795593059424198,
  "best_params": {
    "learning_rate": 0.0006358358856676254,
    "weight_decay": 0.000133112160807369
  },
  "checkpoint_path": "/kaggle/working/eyes-defy-anemia/outputs/checkpoints/best_attention_unet.pth",
  "timestamp_utc": "2026-07-16T14:04:30.417032+00:00"
}