{
  "model_name": "mobilenet_v3_small_forniceal_palpebral",
  "n_trials_run": 12,
  "best_trial_number": 0,
  "best_val_f1": 0.7647058823529411,
  "best_val_metrics_by_country": {
    "overall": {
      "n": 31,
      "accuracy": 0.7419354838709677,
      "precision": 0.65,
      "recall": 0.9285714285714286,
      "f1": 0.7647058823529411,
      "confusion_matrix": [
        [
          10,
          7
        ],
        [
          1,
          13
        ]
      ],
      "auc": 0.7815126050420168,
      "roc_curve": {
        "fpr": [
          0.0,
          0.058823529411764705,
          0.058823529411764705,
          0.11764705882352941,
          0.11764705882352941,
          0.23529411764705882,
          0.23529411764705882,
          0.35294117647058826,
          0.35294117647058826,
          0.4117647058823529,
          0.4117647058823529,
          0.5294117647058824,
          0.5294117647058824,
          1.0
        ],
        "tpr": [
          0.0,
          0.0,
          0.14285714285714285,
          0.14285714285714285,
          0.5,
          0.5,
          0.7142857142857143,
          0.7142857142857143,
          0.8571428571428571,
          0.8571428571428571,
          0.9285714285714286,
          0.9285714285714286,
          1.0,
          1.0
        ]
      }
    },
    "India": {
      "n": 14,
      "accuracy": 0.7142857142857143,
      "precision": 0.75,
      "recall": 0.9,
      "f1": 0.8181818181818182,
      "confusion_matrix": [
        [
          1,
          3
        ],
        [
          1,
          9
        ]
      ],
      "auc": 0.7250000000000001,
      "roc_curve": {
        "fpr": [
          0.0,
          0.0,
          0.0,
          0.5,
          0.5,
          0.75,
          0.75,
          1.0,
          1.0
        ],
        "tpr": [
          0.0,
          0.1,
          0.6,
          0.6,
          0.8,
          0.8,
          0.9,
          0.9,
          1.0
        ]
      }
    },
    "Italy": {
      "n": 17,
      "accuracy": 0.7647058823529411,
      "precision": 0.5,
      "recall": 1.0,
      "f1": 0.6666666666666666,
      "confusion_matrix": [
        [
          9,
          4
        ],
        [
          0,
          4
        ]
      ],
      "auc": 0.8846153846153846,
      "roc_curve": {
        "fpr": [
          0.0,
          0.07692307692307693,
          0.07692307692307693,
          0.15384615384615385,
          0.15384615384615385,
          1.0
        ],
        "tpr": [
          0.0,
          0.0,
          0.5,
          0.5,
          1.0,
          1.0
        ]
      }
    }
  },
  "best_params": {
    "learning_rate": 0.0013292918943162175,
    "weight_decay": 0.0007114476009343421
  },
  "checkpoint_path": "/kaggle/working/eyes-defy-anemia/classification/outputs/checkpoints/best_mobilenet_v3_small_forniceal_palpebral.pth",
  "plot_paths": {
    "loss_curve": "/kaggle/working/eyes-defy-anemia/classification/outputs/plots/mobilenet_v3_small_forniceal_palpebral_loss_curve.png",
    "confusion_matrices": "/kaggle/working/eyes-defy-anemia/classification/outputs/plots/mobilenet_v3_small_forniceal_palpebral_confusion_matrices.png",
    "roc_curve": "/kaggle/working/eyes-defy-anemia/classification/outputs/plots/mobilenet_v3_small_forniceal_palpebral_roc_curve.png"
  },
  "timestamp_utc": "2026-07-19T13:16:30.422699+00:00"
}