{
  "model_name": "resnet18_forniceal_palpebral",
  "n_trials_run": 12,
  "best_trial_number": 0,
  "best_val_f1": 0.7368421052631579,
  "best_val_metrics_by_country": {
    "overall": {
      "n": 31,
      "accuracy": 0.6774193548387096,
      "precision": 0.5833333333333334,
      "recall": 1.0,
      "f1": 0.7368421052631579,
      "confusion_matrix": [
        [
          7,
          10
        ],
        [
          0,
          14
        ]
      ],
      "auc": 0.7436974789915967,
      "roc_curve": {
        "fpr": [
          0.0,
          0.0,
          0.058823529411764705,
          0.058823529411764705,
          0.11764705882352941,
          0.11764705882352941,
          0.23529411764705882,
          0.23529411764705882,
          0.29411764705882354,
          0.29411764705882354,
          0.35294117647058826,
          0.35294117647058826,
          0.4117647058823529,
          0.4117647058823529,
          0.47058823529411764,
          0.47058823529411764,
          0.5882352941176471,
          0.5882352941176471,
          1.0
        ],
        "tpr": [
          0.0,
          0.07142857142857142,
          0.07142857142857142,
          0.2857142857142857,
          0.2857142857142857,
          0.35714285714285715,
          0.35714285714285715,
          0.5,
          0.5,
          0.5714285714285714,
          0.5714285714285714,
          0.7857142857142857,
          0.7857142857142857,
          0.8571428571428571,
          0.8571428571428571,
          0.9285714285714286,
          0.9285714285714286,
          1.0,
          1.0
        ]
      }
    },
    "India": {
      "n": 14,
      "accuracy": 0.7857142857142857,
      "precision": 0.7692307692307693,
      "recall": 1.0,
      "f1": 0.8695652173913043,
      "confusion_matrix": [
        [
          1,
          3
        ],
        [
          0,
          10
        ]
      ],
      "auc": 0.44999999999999996,
      "roc_curve": {
        "fpr": [
          0.0,
          0.0,
          0.25,
          0.25,
          0.5,
          0.5,
          0.75,
          0.75,
          1.0
        ],
        "tpr": [
          0.0,
          0.1,
          0.1,
          0.3,
          0.3,
          0.4,
          0.4,
          1.0,
          1.0
        ]
      }
    },
    "Italy": {
      "n": 17,
      "accuracy": 0.5882352941176471,
      "precision": 0.36363636363636365,
      "recall": 1.0,
      "f1": 0.5333333333333333,
      "confusion_matrix": [
        [
          6,
          7
        ],
        [
          0,
          4
        ]
      ],
      "auc": 0.9230769230769231,
      "roc_curve": {
        "fpr": [
          0.0,
          0.0,
          0.07692307692307693,
          0.07692307692307693,
          0.15384615384615385,
          0.15384615384615385,
          1.0
        ],
        "tpr": [
          0.0,
          0.25,
          0.25,
          0.75,
          0.75,
          1.0,
          1.0
        ]
      }
    }
  },
  "best_params": {
    "learning_rate": 0.0013292918943162175,
    "weight_decay": 0.0007114476009343421
  },
  "checkpoint_path": "/kaggle/working/eyes-defy-anemia/classification/outputs/checkpoints/best_resnet18_forniceal_palpebral.pth",
  "plot_paths": {
    "loss_curve": "/kaggle/working/eyes-defy-anemia/classification/outputs/plots/resnet18_forniceal_palpebral_loss_curve.png",
    "confusion_matrices": "/kaggle/working/eyes-defy-anemia/classification/outputs/plots/resnet18_forniceal_palpebral_confusion_matrices.png",
    "roc_curve": "/kaggle/working/eyes-defy-anemia/classification/outputs/plots/resnet18_forniceal_palpebral_roc_curve.png"
  },
  "timestamp_utc": "2026-07-19T13:15:07.900023+00:00"
}